CREATE DATABASE  IF NOT EXISTS `ahp_honda` /*!40100 DEFAULT CHARACTER SET utf8mb4 COLLATE utf8mb4_0900_ai_ci */ /*!80016 DEFAULT ENCRYPTION='N' */;
USE `ahp_honda`;
-- MySQL dump 10.13  Distrib 8.0.38, for Win64 (x86_64)
--
-- Host: localhost    Database: ahp_honda
-- ------------------------------------------------------
-- Server version	9.0.1

/*!40101 SET @OLD_CHARACTER_SET_CLIENT=@@CHARACTER_SET_CLIENT */;
/*!40101 SET @OLD_CHARACTER_SET_RESULTS=@@CHARACTER_SET_RESULTS */;
/*!40101 SET @OLD_COLLATION_CONNECTION=@@COLLATION_CONNECTION */;
/*!50503 SET NAMES utf8 */;
/*!40103 SET @OLD_TIME_ZONE=@@TIME_ZONE */;
/*!40103 SET TIME_ZONE='+00:00' */;
/*!40014 SET @OLD_UNIQUE_CHECKS=@@UNIQUE_CHECKS, UNIQUE_CHECKS=0 */;
/*!40014 SET @OLD_FOREIGN_KEY_CHECKS=@@FOREIGN_KEY_CHECKS, FOREIGN_KEY_CHECKS=0 */;
/*!40101 SET @OLD_SQL_MODE=@@SQL_MODE, SQL_MODE='NO_AUTO_VALUE_ON_ZERO' */;
/*!40111 SET @OLD_SQL_NOTES=@@SQL_NOTES, SQL_NOTES=0 */;

--
-- Table structure for table `alternative_comparisons`
--

DROP TABLE IF EXISTS `alternative_comparisons`;
/*!40101 SET @saved_cs_client     = @@character_set_client */;
/*!50503 SET character_set_client = utf8mb4 */;
CREATE TABLE `alternative_comparisons` (
  `id` int NOT NULL AUTO_INCREMENT,
  `alternative1_id` int NOT NULL,
  `alternative2_id` int NOT NULL,
  `criteria_id` int NOT NULL,
  `preference_value` float NOT NULL,
  `honda_type_id` int NOT NULL,
  PRIMARY KEY (`id`),
  KEY `alternative1_id` (`alternative1_id`),
  KEY `alternative2_id` (`alternative2_id`),
  KEY `criteria_id` (`criteria_id`),
  KEY `honda_type_id` (`honda_type_id`),
  CONSTRAINT `alternative_comparisons_ibfk_1` FOREIGN KEY (`alternative1_id`) REFERENCES `alternatives` (`id`),
  CONSTRAINT `alternative_comparisons_ibfk_2` FOREIGN KEY (`alternative2_id`) REFERENCES `alternatives` (`id`),
  CONSTRAINT `alternative_comparisons_ibfk_3` FOREIGN KEY (`criteria_id`) REFERENCES `criteria` (`id`),
  CONSTRAINT `alternative_comparisons_ibfk_4` FOREIGN KEY (`honda_type_id`) REFERENCES `honda_types` (`id`)
) ENGINE=InnoDB AUTO_INCREMENT=714 DEFAULT CHARSET=utf8mb4 COLLATE=utf8mb4_0900_ai_ci;
/*!40101 SET character_set_client = @saved_cs_client */;

--
-- Dumping data for table `alternative_comparisons`
--

LOCK TABLES `alternative_comparisons` WRITE;
/*!40000 ALTER TABLE `alternative_comparisons` DISABLE KEYS */;
INSERT INTO `alternative_comparisons` VALUES (1,1,2,1,3,1),(2,1,3,1,4,1),(3,1,4,1,7,1),(4,1,5,1,5,1),(5,1,6,1,9,1),(6,2,3,1,2,1),(7,2,4,1,5,1),(8,2,5,1,3,1),(9,2,6,1,7,1),(10,3,4,1,3,1),(11,3,5,1,1,1),(12,3,6,1,5,1),(13,4,5,1,0.333333,1),(14,4,6,1,3,1),(15,5,6,1,0.2,1),(16,2,1,1,0.333333,1),(17,3,1,1,0.25,1),(18,4,1,1,0.142857,1),(19,5,1,1,0.2,1),(20,6,1,1,0.111111,1),(21,3,2,1,0.5,1),(22,4,2,1,0.2,1),(23,5,2,1,0.333333,1),(24,6,2,1,0.142857,1),(25,4,3,1,0.333333,1),(26,5,3,1,1,1),(27,6,3,1,0.2,1),(28,5,4,1,3,1),(29,6,4,1,0.333333,1),(30,6,5,1,5,1),(31,1,2,2,1,1),(32,1,3,2,1,1),(33,1,4,2,3,1),(34,1,5,2,2,1),(35,1,6,2,4,1),(36,2,3,2,1,1),(37,2,4,2,3,1),(38,2,5,2,2,1),(39,2,6,2,4,1),(40,3,4,2,3,1),(41,3,5,2,2,1),(42,3,6,2,4,1),(43,4,5,2,0.5,1),(44,4,6,2,1,1),(45,5,6,2,2,1),(46,2,1,2,1,1),(47,3,1,2,1,1),(48,4,1,2,0.333333,1),(49,5,1,2,0.5,1),(50,6,1,2,0.25,1),(51,3,2,2,1,1),(52,4,2,2,0.333333,1),(53,5,2,2,0.5,1),(54,6,2,2,0.25,1),(55,4,3,2,0.333333,1),(56,5,3,2,0.5,1),(57,6,3,2,0.25,1),(58,5,4,2,2,1),(59,6,4,2,1,1),(60,6,5,2,0.5,1),(61,1,2,3,1,1),(62,1,3,3,0.5,1),(63,1,4,3,0.333333,1),(64,1,5,3,0.333333,1),(65,1,6,3,0.2,1),(66,2,3,3,0.5,1),(67,2,4,3,0.333333,1),(68,2,5,3,0.333333,1),(69,2,6,3,0.2,1),(70,3,4,3,0.5,1),(71,3,5,3,1,1),(72,3,6,3,0.333333,1),(73,4,5,3,1,1),(74,4,6,3,0.5,1),(75,5,6,3,0.5,1),(76,2,1,3,1,1),(77,3,1,3,2,1),(78,4,1,3,3,1),(79,5,1,3,3,1),(80,6,1,3,5,1),(81,3,2,3,2,1),(82,4,2,3,3,1),(83,5,2,3,3,1),(84,6,2,3,5,1),(85,4,3,3,2,1),(86,5,3,3,1,1),(87,6,3,3,3,1),(88,5,4,3,1,1),(89,6,4,3,2,1),(90,6,5,3,2,1),(91,1,2,4,1,1),(92,1,3,4,0.5,1),(93,1,4,4,0.333333,1),(94,1,5,4,1,1),(95,1,6,4,0.2,1),(96,2,3,4,0.5,1),(97,2,4,4,0.333333,1),(98,2,5,4,1,1),(99,2,6,4,0.2,1),(100,3,4,4,0.5,1),(101,3,5,4,2,1),(102,3,6,4,0.333333,1),(103,4,5,4,3,1),(104,4,6,4,0.5,1),(105,5,6,4,0.2,1),(106,2,1,4,1,1),(107,3,1,4,2,1),(108,4,1,4,3,1),(109,5,1,4,1,1),(110,6,1,4,5,1),(111,3,2,4,2,1),(112,4,2,4,3,1),(113,5,2,4,1,1),(114,6,2,4,5,1),(115,4,3,4,2,1),(116,5,3,4,0.5,1),(117,6,3,4,3,1),(118,5,4,4,0.333333,1),(119,6,4,4,2,1),(120,6,5,4,5,1),(121,1,2,5,1,1),(122,1,3,5,0.333333,1),(123,1,4,5,0.5,1),(124,1,5,5,1,1),(125,1,6,5,0.333333,1),(126,2,3,5,0.333333,1),(127,2,4,5,0.5,1),(128,2,5,5,1,1),(129,2,6,5,0.333333,1),(130,3,4,5,2,1),(131,3,5,5,3,1),(132,3,6,5,1,1),(133,4,5,5,2,1),(134,4,6,5,1,1),(135,5,6,5,0.333333,1),(136,2,1,5,1,1),(137,3,1,5,3,1),(138,4,1,5,2,1),(139,5,1,5,1,1),(140,6,1,5,3,1),(141,3,2,5,3,1),(142,4,2,5,2,1),(143,5,2,5,1,1),(144,6,2,5,3,1),(145,4,3,5,0.5,1),(146,5,3,5,0.333333,1),(147,6,3,5,1,1),(148,5,4,5,0.5,1),(149,6,4,5,1,1),(150,6,5,5,3,1),(434,7,8,1,0.2,2),(435,7,9,1,0.333333,2),(436,7,10,1,0.5,2),(437,7,11,1,0.111111,2),(438,7,12,1,0.333333,2),(439,7,13,1,1,2),(440,7,14,1,0.111111,2),(441,8,9,1,2,2),(442,8,10,1,3,2),(443,8,11,1,0.5,2),(444,8,12,1,2,2),(445,8,13,1,5,2),(446,8,14,1,0.5,2),(447,9,10,1,2,2),(448,9,11,1,0.333333,2),(449,9,12,1,1,2),(450,9,13,1,3,2),(451,9,14,1,0.333333,2),(452,10,11,1,0.2,2),(453,10,12,1,0.5,2),(454,10,13,1,2,2),(455,10,14,1,0.2,2),(456,11,12,1,3,2),(457,11,13,1,7,2),(458,11,14,1,1,2),(459,12,13,1,4,2),(460,12,14,1,0.333333,2),(461,13,14,1,0.111111,2),(462,8,7,1,5,2),(463,9,7,1,3,2),(464,10,7,1,2,2),(465,11,7,1,9,2),(466,12,7,1,3,2),(467,13,7,1,1,2),(468,14,7,1,9,2),(469,9,8,1,0.5,2),(470,10,8,1,0.333333,2),(471,11,8,1,2,2),(472,12,8,1,0.5,2),(473,13,8,1,0.2,2),(474,14,8,1,2,2),(475,10,9,1,0.5,2),(476,11,9,1,3,2),(477,12,9,1,1,2),(478,13,9,1,0.333333,2),(479,14,9,1,3,2),(480,11,10,1,5,2),(481,12,10,1,2,2),(482,13,10,1,0.5,2),(483,14,10,1,5,2),(484,12,11,1,0.333333,2),(485,13,11,1,0.142857,2),(486,14,11,1,1,2),(487,13,12,1,0.25,2),(488,14,12,1,3,2),(489,14,13,1,9,2),(490,7,8,2,1,2),(491,7,9,2,1,2),(492,7,10,2,0.5,2),(493,7,11,2,0.333333,2),(494,7,12,2,1,2),(495,7,13,2,2,2),(496,7,14,2,1,2),(497,8,9,2,1,2),(498,8,10,2,0.5,2),(499,8,11,2,0.333333,2),(500,8,12,2,1,2),(501,8,13,2,2,2),(502,8,14,2,1,2),(503,9,10,2,0.5,2),(504,9,11,2,0.333333,2),(505,9,12,2,1,2),(506,9,13,2,2,2),(507,9,14,2,1,2),(508,10,11,2,0.666667,2),(509,10,12,2,2,2),(510,10,13,2,3,2),(511,10,14,2,2,2),(512,11,12,2,2,2),(513,11,13,2,4,2),(514,11,14,2,1,2),(515,12,13,2,2,2),(516,12,14,2,1,2),(517,13,14,2,0.5,2),(518,8,7,2,1,2),(519,9,7,2,1,2),(520,10,7,2,2,2),(521,11,7,2,3,2),(522,12,7,2,1,2),(523,13,7,2,0.5,2),(524,14,7,2,1,2),(525,9,8,2,1,2),(526,10,8,2,2,2),(527,11,8,2,3,2),(528,12,8,2,1,2),(529,13,8,2,0.5,2),(530,14,8,2,1,2),(531,10,9,2,2,2),(532,11,9,2,3,2),(533,12,9,2,1,2),(534,13,9,2,0.5,2),(535,14,9,2,1,2),(536,11,10,2,1.5,2),(537,12,10,2,0.5,2),(538,13,10,2,0.333333,2),(539,14,10,2,0.5,2),(540,12,11,2,0.5,2),(541,13,11,2,0.25,2),(542,14,11,2,1,2),(543,13,12,2,0.5,2),(544,14,12,2,1,2),(545,14,13,2,2,2),(546,7,8,3,0.5,2),(547,7,9,3,0.333333,2),(548,7,10,3,1,2),(549,7,11,3,0.333333,2),(550,7,12,3,0.333333,2),(551,7,13,3,1,2),(552,7,14,3,0.2,2),(553,8,9,3,0.666667,2),(554,8,10,3,2,2),(555,8,11,3,0.5,2),(556,8,12,3,0.5,2),(557,8,13,3,2,2),(558,8,14,3,0.333333,2),(559,9,10,3,3,2),(560,9,11,3,1,2),(561,9,12,3,1,2),(562,9,13,3,3,2),(563,9,14,3,0.5,2),(564,10,11,3,0.333333,2),(565,10,12,3,0.333333,2),(566,10,13,3,1,2),(567,10,14,3,0.2,2),(568,11,12,3,1,2),(569,11,13,3,3,2),(570,11,14,3,0.5,2),(571,12,13,3,3,2),(572,12,14,3,0.5,2),(573,13,14,3,0.2,2),(574,8,7,3,2,2),(575,9,7,3,3,2),(576,10,7,3,1,2),(577,11,7,3,3,2),(578,12,7,3,3,2),(579,13,7,3,1,2),(580,14,7,3,5,2),(581,9,8,3,1.5,2),(582,10,8,3,0.5,2),(583,11,8,3,2,2),(584,12,8,3,2,2),(585,13,8,3,0.5,2),(586,14,8,3,3,2),(587,10,9,3,0.333333,2),(588,11,9,3,1,2),(589,12,9,3,1,2),(590,13,9,3,0.333333,2),(591,14,9,3,2,2),(592,11,10,3,3,2),(593,12,10,3,3,2),(594,13,10,3,1,2),(595,14,10,3,5,2),(596,12,11,3,1,2),(597,13,11,3,0.333333,2),(598,14,11,3,2,2),(599,13,12,3,0.333333,2),(600,14,12,3,2,2),(601,14,13,3,5,2),(602,7,8,4,0.5,2),(603,7,9,4,0.5,2),(604,7,10,4,2,2),(605,7,11,4,0.333333,2),(606,7,12,4,0.5,2),(607,7,13,4,1,2),(608,7,14,4,0.333333,2),(609,8,9,4,1,2),(610,8,10,4,3,2),(611,8,11,4,0.5,2),(612,8,12,4,1,2),(613,8,13,4,3,2),(614,8,14,4,0.5,2),(615,9,10,4,3,2),(616,9,11,4,0.666667,2),(617,9,12,4,1,2),(618,9,13,4,3,2),(619,9,14,4,0.666667,2),(620,10,11,4,0.2,2),(621,10,12,4,0.333333,2),(622,10,13,4,0.5,2),(623,10,14,4,0.2,2),(624,11,12,4,2,2),(625,11,13,4,5,2),(626,11,14,4,0.666667,2),(627,12,13,4,3,2),(628,12,14,4,0.666667,2),(629,13,14,4,0.2,2),(630,8,7,4,2,2),(631,9,7,4,2,2),(632,10,7,4,0.5,2),(633,11,7,4,3,2),(634,12,7,4,2,2),(635,13,7,4,1,2),(636,14,7,4,3,2),(637,9,8,4,1,2),(638,10,8,4,0.333333,2),(639,11,8,4,2,2),(640,12,8,4,1,2),(641,13,8,4,0.333333,2),(642,14,8,4,2,2),(643,10,9,4,0.333333,2),(644,11,9,4,1.5,2),(645,12,9,4,1,2),(646,13,9,4,0.333333,2),(647,14,9,4,1.5,2),(648,11,10,4,5,2),(649,12,10,4,3,2),(650,13,10,4,2,2),(651,14,10,4,5,2),(652,12,11,4,0.5,2),(653,13,11,4,0.2,2),(654,14,11,4,1.5,2),(655,13,12,4,0.333333,2),(656,14,12,4,1.5,2),(657,14,13,4,5,2),(658,7,8,5,0.5,2),(659,7,9,5,0.5,2),(660,7,10,5,0.333333,2),(661,7,11,5,0.2,2),(662,7,12,5,0.5,2),(663,7,13,5,1,2),(664,7,14,5,0.2,2),(665,8,9,5,1,2),(666,8,10,5,2,2),(667,8,11,5,0.5,2),(668,8,12,5,1,2),(669,8,13,5,3,2),(670,8,14,5,0.333333,2),(671,9,10,5,2,2),(672,9,11,5,0.5,2),(673,9,12,5,1,2),(674,9,13,5,3,2),(675,9,14,5,0.5,2),(676,10,11,5,0.333333,2),(677,10,12,5,0.5,2),(678,10,13,5,2,2),(679,10,14,5,0.25,2),(680,11,12,5,1,2),(681,11,13,5,4,2),(682,11,14,5,0.666667,2),(683,12,13,5,3,2),(684,12,14,5,0.666667,2),(685,13,14,5,0.25,2),(686,8,7,5,2,2),(687,9,7,5,2,2),(688,10,7,5,3,2),(689,11,7,5,5,2),(690,12,7,5,2,2),(691,13,7,5,1,2),(692,14,7,5,5,2),(693,9,8,5,1,2),(694,10,8,5,0.5,2),(695,11,8,5,2,2),(696,12,8,5,1,2),(697,13,8,5,0.333333,2),(698,14,8,5,3,2),(699,10,9,5,0.5,2),(700,11,9,5,2,2),(701,12,9,5,1,2),(702,13,9,5,0.333333,2),(703,14,9,5,2,2),(704,11,10,5,3,2),(705,12,10,5,2,2),(706,13,10,5,0.5,2),(707,14,10,5,4,2),(708,12,11,5,1,2),(709,13,11,5,0.25,2),(710,14,11,5,1.5,2),(711,13,12,5,0.333333,2),(712,14,12,5,1.5,2),(713,14,13,5,4,2);
/*!40000 ALTER TABLE `alternative_comparisons` ENABLE KEYS */;
UNLOCK TABLES;

--
-- Table structure for table `alternatives`
--

DROP TABLE IF EXISTS `alternatives`;
/*!40101 SET @saved_cs_client     = @@character_set_client */;
/*!50503 SET character_set_client = utf8mb4 */;
CREATE TABLE `alternatives` (
  `id` int NOT NULL AUTO_INCREMENT,
  `name` varchar(255) NOT NULL,
  `honda_type_id` int NOT NULL,
  PRIMARY KEY (`id`),
  KEY `honda_type_id` (`honda_type_id`),
  CONSTRAINT `alternatives_ibfk_1` FOREIGN KEY (`honda_type_id`) REFERENCES `honda_types` (`id`)
) ENGINE=InnoDB AUTO_INCREMENT=15 DEFAULT CHARSET=utf8mb4 COLLATE=utf8mb4_0900_ai_ci;
/*!40101 SET character_set_client = @saved_cs_client */;

--
-- Dumping data for table `alternatives`
--

LOCK TABLES `alternatives` WRITE;
/*!40000 ALTER TABLE `alternatives` DISABLE KEYS */;
INSERT INTO `alternatives` VALUES (1,'Wave Alpha 110',1),(2,'Blade 110',1),(3,'Wave RSX FI 110',1),(4,'Future 125 FI',1),(5,'Super Dream 125',1),(6,'Winner X',1),(7,'Vision 110',2),(8,'SH Mode 125',2),(9,'Air Blade 160',2),(10,'LEAD 125',2),(11,'SH 160i',2),(12,'Vario 160',2),(13,'Genio 110',2),(14,'ADV 160',2);
/*!40000 ALTER TABLE `alternatives` ENABLE KEYS */;
UNLOCK TABLES;

--
-- Table structure for table `criteria`
--

DROP TABLE IF EXISTS `criteria`;
/*!40101 SET @saved_cs_client     = @@character_set_client */;
/*!50503 SET character_set_client = utf8mb4 */;
CREATE TABLE `criteria` (
  `id` int NOT NULL AUTO_INCREMENT,
  `name` varchar(255) NOT NULL,
  PRIMARY KEY (`id`)
) ENGINE=InnoDB AUTO_INCREMENT=6 DEFAULT CHARSET=utf8mb4 COLLATE=utf8mb4_0900_ai_ci;
/*!40101 SET character_set_client = @saved_cs_client */;

--
-- Dumping data for table `criteria`
--

LOCK TABLES `criteria` WRITE;
/*!40000 ALTER TABLE `criteria` DISABLE KEYS */;
INSERT INTO `criteria` VALUES (1,'Chi phí'),(2,'Tiết kiệm nhiên liệu'),(3,'Động cơ'),(4,'Thiết kế'),(5,'Tiện ích');
/*!40000 ALTER TABLE `criteria` ENABLE KEYS */;
UNLOCK TABLES;

--
-- Table structure for table `honda_types`
--

DROP TABLE IF EXISTS `honda_types`;
/*!40101 SET @saved_cs_client     = @@character_set_client */;
/*!50503 SET character_set_client = utf8mb4 */;
CREATE TABLE `honda_types` (
  `id` int NOT NULL AUTO_INCREMENT,
  `name` varchar(255) NOT NULL,
  PRIMARY KEY (`id`),
  UNIQUE KEY `name` (`name`)
) ENGINE=InnoDB AUTO_INCREMENT=3 DEFAULT CHARSET=utf8mb4 COLLATE=utf8mb4_0900_ai_ci;
/*!40101 SET character_set_client = @saved_cs_client */;

--
-- Dumping data for table `honda_types`
--

LOCK TABLES `honda_types` WRITE;
/*!40000 ALTER TABLE `honda_types` DISABLE KEYS */;
INSERT INTO `honda_types` VALUES (1,'Xe số'),(2,'Xe tay ga');
/*!40000 ALTER TABLE `honda_types` ENABLE KEYS */;
UNLOCK TABLES;
/*!40103 SET TIME_ZONE=@OLD_TIME_ZONE */;

/*!40101 SET SQL_MODE=@OLD_SQL_MODE */;
/*!40014 SET FOREIGN_KEY_CHECKS=@OLD_FOREIGN_KEY_CHECKS */;
/*!40014 SET UNIQUE_CHECKS=@OLD_UNIQUE_CHECKS */;
/*!40101 SET CHARACTER_SET_CLIENT=@OLD_CHARACTER_SET_CLIENT */;
/*!40101 SET CHARACTER_SET_RESULTS=@OLD_CHARACTER_SET_RESULTS */;
/*!40101 SET COLLATION_CONNECTION=@OLD_COLLATION_CONNECTION */;
/*!40111 SET SQL_NOTES=@OLD_SQL_NOTES */;

-- Dump completed on 2025-05-09 22:31:20
