CREATE DATABASE  IF NOT EXISTS `ahp_honda` /*!40100 DEFAULT CHARACTER SET utf8mb4 COLLATE utf8mb4_0900_ai_ci */ /*!80016 DEFAULT ENCRYPTION='N' */;
USE `ahp_honda`;
-- MySQL dump 10.13  Distrib 8.0.38, for Win64 (x86_64)
--
-- Host: localhost    Database: ahp_honda
-- ------------------------------------------------------
-- Server version	9.0.1

/*!40101 SET @OLD_CHARACTER_SET_CLIENT=@@CHARACTER_SET_CLIENT */;
/*!40101 SET @OLD_CHARACTER_SET_RESULTS=@@CHARACTER_SET_RESULTS */;
/*!40101 SET @OLD_COLLATION_CONNECTION=@@COLLATION_CONNECTION */;
/*!50503 SET NAMES utf8 */;
/*!40103 SET @OLD_TIME_ZONE=@@TIME_ZONE */;
/*!40103 SET TIME_ZONE='+00:00' */;
/*!40014 SET @OLD_UNIQUE_CHECKS=@@UNIQUE_CHECKS, UNIQUE_CHECKS=0 */;
/*!40014 SET @OLD_FOREIGN_KEY_CHECKS=@@FOREIGN_KEY_CHECKS, FOREIGN_KEY_CHECKS=0 */;
/*!40101 SET @OLD_SQL_MODE=@@SQL_MODE, SQL_MODE='NO_AUTO_VALUE_ON_ZERO' */;
/*!40111 SET @OLD_SQL_NOTES=@@SQL_NOTES, SQL_NOTES=0 */;

--
-- Table structure for table `alternative_comparisons`
--

DROP TABLE IF EXISTS `alternative_comparisons`;
/*!40101 SET @saved_cs_client     = @@character_set_client */;
/*!50503 SET character_set_client = utf8mb4 */;
CREATE TABLE `alternative_comparisons` (
  `id` int NOT NULL AUTO_INCREMENT,
  `alternative1_id` int NOT NULL,
  `alternative2_id` int NOT NULL,
  `criteria_id` int NOT NULL,
  `preference_value` float NOT NULL,
  `honda_type_id` int NOT NULL,
  PRIMARY KEY (`id`),
  KEY `alternative1_id` (`alternative1_id`),
  KEY `alternative2_id` (`alternative2_id`),
  KEY `criteria_id` (`criteria_id`),
  KEY `honda_type_id` (`honda_type_id`),
  CONSTRAINT `alternative_comparisons_ibfk_1` FOREIGN KEY (`alternative1_id`) REFERENCES `alternatives` (`id`),
  CONSTRAINT `alternative_comparisons_ibfk_2` FOREIGN KEY (`alternative2_id`) REFERENCES `alternatives` (`id`),
  CONSTRAINT `alternative_comparisons_ibfk_3` FOREIGN KEY (`criteria_id`) REFERENCES `criteria` (`id`),
  CONSTRAINT `alternative_comparisons_ibfk_4` FOREIGN KEY (`honda_type_id`) REFERENCES `honda_types` (`id`)
) ENGINE=InnoDB AUTO_INCREMENT=1261 DEFAULT CHARSET=utf8mb4 COLLATE=utf8mb4_0900_ai_ci;
/*!40101 SET character_set_client = @saved_cs_client */;

--
-- Dumping data for table `alternative_comparisons`
--

LOCK TABLES `alternative_comparisons` WRITE;
/*!40000 ALTER TABLE `alternative_comparisons` DISABLE KEYS */;
INSERT INTO `alternative_comparisons` VALUES (31,1,2,2,1,1),(32,1,3,2,1,1),(33,1,4,2,3,1),(34,1,5,2,2,1),(35,1,6,2,4,1),(36,2,3,2,1,1),(37,2,4,2,3,1),(38,2,5,2,2,1),(39,2,6,2,4,1),(40,3,4,2,3,1),(41,3,5,2,2,1),(42,3,6,2,4,1),(43,4,5,2,0.5,1),(44,4,6,2,1,1),(45,5,6,2,2,1),(46,2,1,2,1,1),(47,3,1,2,1,1),(48,4,1,2,0.333333,1),(49,5,1,2,0.5,1),(50,6,1,2,0.25,1),(51,3,2,2,1,1),(52,4,2,2,0.333333,1),(53,5,2,2,0.5,1),(54,6,2,2,0.25,1),(55,4,3,2,0.333333,1),(56,5,3,2,0.5,1),(57,6,3,2,0.25,1),(58,5,4,2,2,1),(59,6,4,2,1,1),(60,6,5,2,0.5,1),(61,1,2,3,1,1),(62,1,3,3,0.5,1),(63,1,4,3,0.333333,1),(64,1,5,3,0.333333,1),(65,1,6,3,0.2,1),(66,2,3,3,0.5,1),(67,2,4,3,0.333333,1),(68,2,5,3,0.333333,1),(69,2,6,3,0.2,1),(70,3,4,3,0.5,1),(71,3,5,3,1,1),(72,3,6,3,0.333333,1),(73,4,5,3,1,1),(74,4,6,3,0.5,1),(75,5,6,3,0.5,1),(76,2,1,3,1,1),(77,3,1,3,2,1),(78,4,1,3,3,1),(79,5,1,3,3,1),(80,6,1,3,5,1),(81,3,2,3,2,1),(82,4,2,3,3,1),(83,5,2,3,3,1),(84,6,2,3,5,1),(85,4,3,3,2,1),(86,5,3,3,1,1),(87,6,3,3,3,1),(88,5,4,3,1,1),(89,6,4,3,2,1),(90,6,5,3,2,1),(91,1,2,4,1,1),(92,1,3,4,0.5,1),(93,1,4,4,0.333333,1),(94,1,5,4,1,1),(95,1,6,4,0.2,1),(96,2,3,4,0.5,1),(97,2,4,4,0.333333,1),(98,2,5,4,1,1),(99,2,6,4,0.2,1),(100,3,4,4,0.5,1),(101,3,5,4,2,1),(102,3,6,4,0.333333,1),(103,4,5,4,3,1),(104,4,6,4,0.5,1),(105,5,6,4,0.2,1),(106,2,1,4,1,1),(107,3,1,4,2,1),(108,4,1,4,3,1),(109,5,1,4,1,1),(110,6,1,4,5,1),(111,3,2,4,2,1),(112,4,2,4,3,1),(113,5,2,4,1,1),(114,6,2,4,5,1),(115,4,3,4,2,1),(116,5,3,4,0.5,1),(117,6,3,4,3,1),(118,5,4,4,0.333333,1),(119,6,4,4,2,1),(120,6,5,4,5,1),(121,1,2,5,1,1),(122,1,3,5,0.333333,1),(123,1,4,5,0.5,1),(124,1,5,5,1,1),(125,1,6,5,0.333333,1),(126,2,3,5,0.333333,1),(127,2,4,5,0.5,1),(128,2,5,5,1,1),(129,2,6,5,0.333333,1),(130,3,4,5,2,1),(131,3,5,5,3,1),(132,3,6,5,1,1),(133,4,5,5,2,1),(134,4,6,5,1,1),(135,5,6,5,0.333333,1),(136,2,1,5,1,1),(137,3,1,5,3,1),(138,4,1,5,2,1),(139,5,1,5,1,1),(140,6,1,5,3,1),(141,3,2,5,3,1),(142,4,2,5,2,1),(143,5,2,5,1,1),(144,6,2,5,3,1),(145,4,3,5,0.5,1),(146,5,3,5,0.333333,1),(147,6,3,5,1,1),(148,5,4,5,0.5,1),(149,6,4,5,1,1),(150,6,5,5,3,1),(764,1,2,1,3,1),(765,1,3,1,2,1),(766,1,4,1,5,1),(767,1,5,1,4,1),(768,1,6,1,7,1),(769,2,3,1,0.5,1),(770,2,4,1,3,1),(771,2,5,1,2,1),(772,2,6,1,5,1),(773,3,4,1,2,1),(774,3,5,1,1,1),(775,3,6,1,4,1),(776,4,5,1,0.5,1),(777,4,6,1,3,1),(778,5,6,1,2,1),(779,2,1,1,0.333333,1),(780,3,1,1,0.5,1),(781,4,1,1,0.2,1),(782,5,1,1,0.25,1),(783,6,1,1,0.142857,1),(784,3,2,1,2,1),(785,4,2,1,0.333333,1),(786,5,2,1,0.5,1),(787,6,2,1,0.2,1),(788,4,3,1,0.5,1),(789,5,3,1,1,1),(790,6,3,1,0.25,1),(791,5,4,1,2,1),(792,6,4,1,0.333333,1),(793,6,5,1,0.5,1),(840,13,7,1,1,2),(841,13,8,1,3,2),(842,13,9,1,4,2),(843,13,10,1,2,2),(844,13,11,1,7,2),(845,13,12,1,4,2),(846,13,14,1,7,2),(847,7,8,1,2,2),(848,7,9,1,3,2),(849,7,10,1,1,2),(850,7,11,1,5,2),(851,7,12,1,3,2),(852,7,14,1,5,2),(853,10,8,1,0.5,2),(854,10,9,1,2,2),(855,10,11,1,4,2),(856,10,12,1,1,2),(857,10,14,1,4,2),(858,8,9,1,0.5,2),(859,8,11,1,3,2),(860,8,12,1,1,2),(861,8,14,1,3,2),(862,9,11,1,2,2),(863,9,12,1,1,2),(864,9,14,1,2,2),(865,12,11,1,0.5,2),(866,12,14,1,1,2),(867,11,14,1,1,2),(868,7,13,1,1,2),(869,8,13,1,0.333333,2),(870,9,13,1,0.25,2),(871,10,13,1,0.5,2),(872,11,13,1,0.142857,2),(873,12,13,1,0.25,2),(874,14,13,1,0.142857,2),(875,8,7,1,0.5,2),(876,9,7,1,0.333333,2),(877,10,7,1,1,2),(878,11,7,1,0.2,2),(879,12,7,1,0.333333,2),(880,14,7,1,0.2,2),(881,8,10,1,2,2),(882,9,10,1,0.5,2),(883,11,10,1,0.25,2),(884,12,10,1,1,2),(885,14,10,1,0.25,2),(886,9,8,1,2,2),(887,11,8,1,0.333333,2),(888,12,8,1,1,2),(889,14,8,1,0.333333,2),(890,11,9,1,0.5,2),(891,12,9,1,1,2),(892,14,9,1,0.5,2),(893,11,12,1,2,2),(894,14,12,1,1,2),(895,14,11,1,1,2),(981,13,7,2,1,2),(982,13,8,2,2,2),(983,13,9,2,3,2),(984,13,10,2,1,2),(985,13,11,2,5,2),(986,13,12,2,3,2),(987,13,14,2,5,2),(988,7,8,2,2,2),(989,7,9,2,3,2),(990,7,10,2,1,2),(991,7,11,2,4,2),(992,7,12,2,3,2),(993,7,14,2,4,2),(994,10,8,2,0.5,2),(995,10,9,2,2,2),(996,10,11,2,3,2),(997,10,12,2,1,2),(998,10,14,2,3,2),(999,8,9,2,0.5,2),(1000,8,11,2,2,2),(1001,8,12,2,1,2),(1002,8,14,2,2,2),(1003,9,11,2,1,2),(1004,9,12,2,1,2),(1005,9,14,2,1,2),(1006,12,11,2,0.5,2),(1007,12,14,2,1,2),(1008,11,14,2,1,2),(1009,7,13,2,1,2),(1010,8,13,2,0.5,2),(1011,9,13,2,0.333333,2),(1012,10,13,2,1,2),(1013,11,13,2,0.2,2),(1014,12,13,2,0.333333,2),(1015,14,13,2,0.2,2),(1016,8,7,2,0.5,2),(1017,9,7,2,0.333333,2),(1018,10,7,2,1,2),(1019,11,7,2,0.25,2),(1020,12,7,2,0.333333,2),(1021,14,7,2,0.25,2),(1022,8,10,2,2,2),(1023,9,10,2,0.5,2),(1024,11,10,2,0.333333,2),(1025,12,10,2,1,2),(1026,14,10,2,0.333333,2),(1027,9,8,2,2,2),(1028,11,8,2,0.5,2),(1029,12,8,2,1,2),(1030,14,8,2,0.5,2),(1031,11,9,2,1,2),(1032,12,9,2,1,2),(1033,14,9,2,1,2),(1034,11,12,2,0.5,2),(1035,14,12,2,1,2),(1036,14,11,2,1,2),(1037,11,7,3,5,2),(1038,11,8,3,3,2),(1039,11,9,3,1,2),(1040,11,10,3,4,2),(1041,11,12,3,1,2),(1042,11,13,3,7,2),(1043,11,14,3,1,2),(1044,14,7,3,5,2),(1045,14,8,3,3,2),(1046,14,9,3,1,2),(1047,14,10,3,4,2),(1048,14,12,3,1,2),(1049,14,13,3,7,2),(1050,12,7,3,5,2),(1051,12,8,3,3,2),(1052,12,9,3,1,2),(1053,12,10,3,4,2),(1054,12,13,3,7,2),(1055,9,7,3,5,2),(1056,9,8,3,3,2),(1057,9,10,3,4,2),(1058,9,13,3,7,2),(1059,8,7,3,3,2),(1060,8,10,3,2,2),(1061,8,13,3,5,2),(1062,10,7,3,2,2),(1063,10,13,3,5,2),(1064,7,13,3,3,2),(1065,7,11,3,0.2,2),(1066,8,11,3,0.333333,2),(1067,9,11,3,1,2),(1068,10,11,3,0.25,2),(1069,12,11,3,1,2),(1070,13,11,3,0.142857,2),(1071,14,11,3,1,2),(1072,7,14,3,0.2,2),(1073,8,14,3,0.333333,2),(1074,9,14,3,1,2),(1075,10,14,3,0.25,2),(1076,12,14,3,1,2),(1077,13,14,3,0.142857,2),(1078,7,12,3,0.2,2),(1079,8,12,3,0.333333,2),(1080,9,12,3,1,2),(1081,10,12,3,0.25,2),(1082,13,12,3,0.142857,2),(1083,7,9,3,0.2,2),(1084,8,9,3,0.333333,2),(1085,10,9,3,0.25,2),(1086,13,9,3,0.142857,2),(1087,7,8,3,0.333333,2),(1088,10,8,3,0.5,2),(1089,13,8,3,0.2,2),(1090,7,10,3,0.5,2),(1091,13,10,3,0.2,2),(1092,13,7,3,0.333333,2),(1149,11,7,4,7,2),(1150,11,8,4,5,2),(1151,11,9,4,3,2),(1152,11,10,4,6,2),(1153,11,12,4,3,2),(1154,11,13,4,9,2),(1155,11,14,4,4,2),(1156,14,7,4,3,2),(1157,14,8,4,1,2),(1158,14,9,4,0.5,2),(1159,14,10,4,2,2),(1160,14,12,4,0.5,2),(1161,14,13,4,4,2),(1162,9,7,4,4,2),(1163,9,8,4,2,2),(1164,9,10,4,3,2),(1165,9,12,4,1,2),(1166,9,13,4,6,2),(1167,12,7,4,4,2),(1168,12,8,4,2,2),(1169,12,10,4,3,2),(1170,12,13,4,6,2),(1171,8,7,4,3,2),(1172,8,10,4,4,2),(1173,8,13,4,7,2),(1174,10,7,4,2,2),(1175,10,13,4,5,2),(1176,7,13,4,3,2),(1177,7,11,4,0.142857,2),(1178,8,11,4,0.2,2),(1179,9,11,4,0.333333,2),(1180,10,11,4,0.166667,2),(1181,12,11,4,0.333333,2),(1182,13,11,4,0.111111,2),(1183,14,11,4,0.25,2),(1184,7,14,4,0.333333,2),(1185,8,14,4,1,2),(1186,9,14,4,2,2),(1187,10,14,4,0.5,2),(1188,12,14,4,2,2),(1189,13,14,4,0.25,2),(1190,7,9,4,0.25,2),(1191,8,9,4,1,2),(1192,10,9,4,0.333333,2),(1193,12,9,4,1,2),(1194,13,9,4,0.166667,2),(1195,7,12,4,0.25,2),(1196,8,12,4,1,2),(1197,10,12,4,0.333333,2),(1198,13,12,4,0.166667,2),(1199,7,8,4,0.333333,2),(1200,10,8,4,1,2),(1201,13,8,4,0.2,2),(1202,7,10,4,0.5,2),(1203,13,10,4,0.2,2),(1204,13,7,4,0.333333,2),(1205,14,7,5,4,2),(1206,14,8,5,3,2),(1207,14,9,5,2,2),(1208,14,10,5,1,2),(1209,14,11,5,2,2),(1210,14,12,5,1,2),(1211,14,13,5,5,2),(1212,10,7,5,3,2),(1213,10,8,5,2,2),(1214,10,9,5,0.5,2),(1215,10,11,5,0.5,2),(1216,10,12,5,1,2),(1217,10,13,5,4,2),(1218,12,7,5,3,2),(1219,12,8,5,2,2),(1220,12,9,5,0.5,2),(1221,12,11,5,0.5,2),(1222,12,13,5,4,2),(1223,11,7,5,2,2),(1224,11,8,5,1,2),(1225,11,9,5,1,2),(1226,11,13,5,3,2),(1227,9,7,5,2,2),(1228,9,8,5,1,2),(1229,9,13,5,3,2),(1230,8,7,5,2,2),(1231,8,13,5,3,2),(1232,7,13,5,1,2),(1233,13,7,5,1,2),(1234,13,8,5,0.333333,2),(1235,13,9,5,0.333333,2),(1236,13,10,5,0.25,2),(1237,13,11,5,0.333333,2),(1238,13,12,5,0.25,2),(1239,13,14,5,0.2,2),(1240,7,14,5,0.25,2),(1241,8,14,5,0.333333,2),(1242,9,14,5,0.5,2),(1243,10,14,5,1,2),(1244,11,14,5,0.5,2),(1245,12,14,5,1,2),(1246,7,10,5,0.333333,2),(1247,8,10,5,0.5,2),(1248,9,10,5,2,2),(1249,11,10,5,2,2),(1250,12,10,5,1,2),(1251,7,12,5,0.333333,2),(1252,8,12,5,0.5,2),(1253,9,12,5,2,2),(1254,11,12,5,2,2),(1255,7,11,5,0.5,2),(1256,8,11,5,1,2),(1257,9,11,5,1,2),(1258,7,9,5,0.5,2),(1259,8,9,5,1,2),(1260,7,8,5,0.5,2);
/*!40000 ALTER TABLE `alternative_comparisons` ENABLE KEYS */;
UNLOCK TABLES;

--
-- Table structure for table `alternatives`
--

DROP TABLE IF EXISTS `alternatives`;
/*!40101 SET @saved_cs_client     = @@character_set_client */;
/*!50503 SET character_set_client = utf8mb4 */;
CREATE TABLE `alternatives` (
  `id` int NOT NULL AUTO_INCREMENT,
  `name` varchar(255) NOT NULL,
  `honda_type_id` int NOT NULL,
  PRIMARY KEY (`id`),
  KEY `honda_type_id` (`honda_type_id`),
  CONSTRAINT `alternatives_ibfk_1` FOREIGN KEY (`honda_type_id`) REFERENCES `honda_types` (`id`)
) ENGINE=InnoDB AUTO_INCREMENT=15 DEFAULT CHARSET=utf8mb4 COLLATE=utf8mb4_0900_ai_ci;
/*!40101 SET character_set_client = @saved_cs_client */;

--
-- Dumping data for table `alternatives`
--

LOCK TABLES `alternatives` WRITE;
/*!40000 ALTER TABLE `alternatives` DISABLE KEYS */;
INSERT INTO `alternatives` VALUES (1,'Wave Alpha 110',1),(2,'Blade 110',1),(3,'Wave RSX FI 110',1),(4,'Future 125 FI',1),(5,'Super Dream 125',1),(6,'Winner X',1),(7,'Vision 110',2),(8,'SH Mode 125',2),(9,'Air Blade 160',2),(10,'LEAD 125',2),(11,'SH 160i',2),(12,'Vario 160',2),(13,'Genio 110',2),(14,'ADV 160',2);
/*!40000 ALTER TABLE `alternatives` ENABLE KEYS */;
UNLOCK TABLES;

--
-- Table structure for table `criteria`
--

DROP TABLE IF EXISTS `criteria`;
/*!40101 SET @saved_cs_client     = @@character_set_client */;
/*!50503 SET character_set_client = utf8mb4 */;
CREATE TABLE `criteria` (
  `id` int NOT NULL AUTO_INCREMENT,
  `name` varchar(255) NOT NULL,
  PRIMARY KEY (`id`)
) ENGINE=InnoDB AUTO_INCREMENT=6 DEFAULT CHARSET=utf8mb4 COLLATE=utf8mb4_0900_ai_ci;
/*!40101 SET character_set_client = @saved_cs_client */;

--
-- Dumping data for table `criteria`
--

LOCK TABLES `criteria` WRITE;
/*!40000 ALTER TABLE `criteria` DISABLE KEYS */;
INSERT INTO `criteria` VALUES (1,'Chi phí'),(2,'Tiết kiệm nhiên liệu'),(3,'Động cơ'),(4,'Thiết kế'),(5,'Tiện ích');
/*!40000 ALTER TABLE `criteria` ENABLE KEYS */;
UNLOCK TABLES;

--
-- Table structure for table `honda_types`
--

DROP TABLE IF EXISTS `honda_types`;
/*!40101 SET @saved_cs_client     = @@character_set_client */;
/*!50503 SET character_set_client = utf8mb4 */;
CREATE TABLE `honda_types` (
  `id` int NOT NULL AUTO_INCREMENT,
  `name` varchar(255) NOT NULL,
  PRIMARY KEY (`id`),
  UNIQUE KEY `name` (`name`)
) ENGINE=InnoDB AUTO_INCREMENT=3 DEFAULT CHARSET=utf8mb4 COLLATE=utf8mb4_0900_ai_ci;
/*!40101 SET character_set_client = @saved_cs_client */;

--
-- Dumping data for table `honda_types`
--

LOCK TABLES `honda_types` WRITE;
/*!40000 ALTER TABLE `honda_types` DISABLE KEYS */;
INSERT INTO `honda_types` VALUES (1,'Xe số'),(2,'Xe tay ga');
/*!40000 ALTER TABLE `honda_types` ENABLE KEYS */;
UNLOCK TABLES;
/*!40103 SET TIME_ZONE=@OLD_TIME_ZONE */;

/*!40101 SET SQL_MODE=@OLD_SQL_MODE */;
/*!40014 SET FOREIGN_KEY_CHECKS=@OLD_FOREIGN_KEY_CHECKS */;
/*!40014 SET UNIQUE_CHECKS=@OLD_UNIQUE_CHECKS */;
/*!40101 SET CHARACTER_SET_CLIENT=@OLD_CHARACTER_SET_CLIENT */;
/*!40101 SET CHARACTER_SET_RESULTS=@OLD_CHARACTER_SET_RESULTS */;
/*!40101 SET COLLATION_CONNECTION=@OLD_COLLATION_CONNECTION */;
/*!40111 SET SQL_NOTES=@OLD_SQL_NOTES */;

-- Dump completed on 2025-05-10 11:19:58
